Dim1,Dim2,Total Epochs, Test Accuracy, Test Time
25,10,6,0.350625,0.18121576309204102