Dimension,Total Epochs, Test Accuracy,Test Time
100,1,0.00125,1.4213590621948242
100,5,0.00125,1.3766160011291504
100,10,0.00125,1.416292428970337
100,25,0.00125,1.3819830417633057